Sequence,Count,Amino Acid
TGTCGCGGTGG,1,CRG
,76,
TGT,1,C
TGA,1,_
GCGGTGGACTTGGGTAAAATCAA,1,AVDLGKI
AAGTGTTGGATTCAAAGCCGGTGTTAAAGATTATAAATTGACTTATTATACTCCTGAATATGTAACCAAAGATACTGATATCTTGGCAGCATTCCGAGTAACTCCCCAACCCGGAGTTCCGCCCGAGGAAGCAGGGGCAGCGGTAGCTGCGGAATCTTCTAATGGTACATGGACA,1,KCWIQSRC_RL_IDLLYS_ICNQRY_YLGSIPSNSPTRSSARGSRGSGSCGIF_WYMD
TGTC,1,C
TATCGCGGTGGACTTGATTTTACTGTAAAATCAA,2,YRGGLDFTVKS
TGTCGTGGTGGACTTGATTTTACAGTAAAATCAA,1,CRGGLDFTVKS
CGGGCTGCGTGGTGGACTTGATTTTACCGTAAAATCAA,1,RAAWWT_FYRKI
CTGCGATGACGCGGTGGACTTGATTTTACAGTAAAATCAA,1,LR_RGGLDFTVKS
GCGGTGGACTTGATTTTACGATGTCACCACAAACAGAGACTAAAGCTGTCGCGGTGGACTTGTAAAATCAA,1,AVDLILRCHHKQRLKLSRWTCKI
TGTCGCGGNGGAC,1,N/A
AAGTGTTGGATTCAAAGCCGGTGTTAAAGATTATAAATTGACTTATTATACTCCTGAATA,1,KCWIQSRC_RL_IDLLYS_I
TTCGCGGTGGACTTGATTTTACAAAATCAA,1,FAVDLILQNQ
AAGTGTTGGATTCAAAGCTGGTGT,2,KCWIQSWC
AACGGTTGGGTTCAAAGCTGGTGTTAAAGATTATAGATTGACTTATTATACTCCTGACTATGAAACCAAAGATACTGATATCTTGGCAGCATTCCGAGTAAGTCCGCAACC,2,NGWVQSWC_RL_IDLLYS_L_NQRY_YLGSIPSKSAT
CTCAAGGAGGACGGGGACGCGGNGGACTTGATTTTACCGTAAAATCAA,1,N/A
GTGGTGGACTTGATTTTACAGTAAAATCAA,1,VVDLILQ_NQ
AAGTGTTGGATTCAAAGCTGGTGTTAAAGATTATAAATTGACTTATTATACTCCTGAAT,1,KCWIQSWC_RL_IDLLYS_
GCGGTGGCCTGCTGATCACGATCAGCAGGGTAAAATCAA,1,AVAC_SRSAG_NQ
TGAAGAATATCGACGTTTGGAGGCGTCCCATTTCTA,2,_RISTFGGVPFL
CTGGCGCG,1,LA
CAGGACGCGGTGGTGTAAAATCAAGTCCACCGCGGAGACATTCATAAACT,1,QDAVV_NQVHRGDIHK
CCGTGGTGGACTTGATTTTACCGTAAAATAAA,1,PWWT_FYRKI
CTCAAGGAGGACGGGGACGCGGTGGACTTGATTTTACAGTAAAATCAA,1,LKEDGDAVDLILQ_NQ
AAGTGTTGGATTCAAAGCCGGTGTTAAAGATTATAAATTGACTTATTATACTCCTGAATATGTAACCAAAGATACTGATATCTTGGCAGCATTCCGA,1,KCWIQSRC_RL_IDLLYS_ICNQRY_YLGSIP
GTGGTGGACTTGATTTTACTATGTCACCACAAACAGAGACTAAAGCTGTCGTGGTGGANTTNATTTTACTGTAAAATCAA,1,N/A
TGCGCGGTGGACTTGTTTTTACAGTAAAATCAA,1,CAVDLFLQ_NQ
CGGGCTGCGNGGTGGACTTGATTTTACTAAATCAA,1,N/A
TGTCGCGGTGGACTTGATTTTACGATGTCACCACAAACAGAGACTAAAGCTGCGCGGTGGACTTGATTTTACCCAA,2,CRGGLDFTMSPQTETKAARWT_FYP
GCGGTGGGCTTTATTTTGGTAAAATCAA,1,AVGFILVKS
CGTCTTCGCTTGCGCGGTGG,1,RLRLRG
TGACTTCCGCG,1,_LP
AAGTGTTGGATTCAAAGCTGGTGTTAAAGAGTACAAATTGACTTATTATACTCCTGAATATGAAACCAAAGATA,1,KCWIQSWC_RVQIDLLYS_I_NQR
TTCGTGGTGGACTTGATTTTACCGTAAAATCAG,1,FVVDLILP_NQ
GCGGTGGACTTGATTTTACTGTAAAATCAA,1,AVDLILL_NQ
AAGTGTTGGATTCAAAGCTGGTGTTAAAGATTATAAATTGACTTATTACACTCCTCAATATGAAGTCAAAGATACTGATATCTTGGCAGCATTTCGAGTAACTCCTCAACCTGGAGTTCCCCCTGAAGAAGCAGGAGCTGCGGTAGCTGCTGAATCTTCTACTGGTACATGGACAACTGTATGGACTGAC,1,KCWIQSWC_RL_IDLLHSSI_SQRY_YLGSISSNSSTWSSP_RSRSCGSC_IFYWYMDNCMD_
CGTGGTGGACTTGATTT,1,RGGLD
CGATTTGGCGCATTTACTGTGAAGTCCGCGACCCATAACGTCGTA,2,RFGAFTVKSATHNVV
CATGCAGTTTCGCGCGGTGGACTTGATTTTACCTACCGACCGCGATTTCGGAATCTGCGAGCTGCAGCAATAAAGTGAATAGAAAAAATAATTATTTGAAGTATTTTAAAATAATTAACTGGGATACTAAACTAGTTTTTTTTTAATCGAAAGTACATAAAATTTTATTTCATTACTTC,1,HAVSRGGLDFTYRPRFRNLRAAAIK_IEKIII_SILK_LTGILN_FFFNRKYIKFYFIT
TGAAGAATATCGACGTTTGGAGGCGTCCCATTTCTAGCCCAGAGGTAAGGAGAGGAAGATGAAGGAGACGCTCGGCGACAGCAGNTGGGTGTAAGTTAGCCAATTCCGACTACTACAGACGTTGGGCGTGGTGGAGTTGATTTTAAGTTAAAATCAA,1,N/A
CGTCTGCGCGGTGGACTTGATTTTACATAATCAA,1,RLRGGLDFT_S
AACTGCGCGAGTGCTGGATCGTCTGGGGATCAGCGTCTGTAAAATCAA,1,NCASAGSSGDQRL_NQ
CTCCAAACGTCGATATTCTTCAGCTTTAGTCTCTGTTTGTGGTGACATTGTAAAATCAA,1,LQTSIFFSFSLCLW_HCKI
CTTCTCCGAAGACACCTACCGCACCCTGACCGCGGTGGACTTGATTTTACAGTAAAATCAA,1,LLRRHLPHPDRGGLDFTVKS
AACGGTTGGGTTCAAAGCTGGTGTTAAAGATTATAGATTGACTTATTATACTCCTGACTATGAAACCAAAGATACTGATATCTTGGCAGCATTCCGAGTAAGTCCGCAACCTGGAGTTCCGGCTGAAGAAGCAGGTGCAGCGGTAGCTGCCGAATCTTCCACTGGGACATGGACAACTGTGTGG,1,NGWVQSWC_RL_IDLLYS_L_NQRY_YLGSIPSKSATWSSG_RSRCSGSCRIFHWDMDNCV
TGTCGCGG,1,CR
TGTCGTGGTGGACTTGATTTTACGGTAAAATCAA,1,CRGGLDFTVKS
GAGAGAAATACGCGCGTGCGCAAAAATATTTCATTTGTCATAAATAATAAATTGTTAAAAGAATAGGCTTTATTGTCTAATTTTTTGGTGATAATCAAAATAAGCTTAGATAATTTATAGAATATTATAACACTGCGATTGCATACGGTTAATTAACGTTTTCCTGAAAACGATTTTATAAAAA,1,ERNTRVRKNISFVINNKLLKE_ALLSNFLVIIKISLDNL_NIITLRLHTVN_RFPENDFIK
AAGTGTTGGATTCAAAGCCGGTGTTAAAGATTATAAATTGACTTATTATACTCCTGAATATGTAACCAAAGATACTGATATCTTGGCAGCATTCCGAGTAACTCCCCAACCCGGAGTTCCGCCCGAGGAAGCAGGGGCAGCGGTAGCTGCGGAATCTTCTACTGGTACACGGACAACTGTGTGGAC,1,KCWIQSRC_RL_IDLLYS_ICNQRY_YLGSIPSNSPTRSSARGSRGSGSCGIFYWYTDNCVD
AGAGCGCTGCGTAACGTGGTGGA,1,RALRNVV
TGTCGCGGTGGNCTTGATTTTACAAAATCAA,1,N/A
TGTCGTGGTGGACTTGATTTTACCGTAAAATCAA,1,CRGGLDFTVKS
TGTCGTGGTGGACTTGATTTTACTGTAAAATCAA,1,CRGGLDFTVKS
GCGGTGGACTTGATTTTACGGTAAAATCAA,1,AVDLILR_NQ
AAGTGTTGGATTTCAAGCTGGTGTTAAAGATTATAAATTGACTTACTACACCCCGGAGTATGAAACCAAGGATACTGATATCTTGGCAGCATTCCGAGTAACTCCTCAACCTGGGGTTCCGCCGGAAGAAGCAGGGGCTGCAGTAGCTGCCGAATCTTC,1,KCWISSWC_RL_IDLLHPGV_NQGY_YLGSIPSNSSTWGSAGRSRGCSSCRIF
CGATTTGGCGCATTTACTGTGAAGTCCGCGACCCATAACGTCGTAGGACAGCAGAGGCATCTAATTCGGAAAGGCACTTGCTGCGAGTGGGCGCGGTGGACTTGATTTTACTGTAAAATCAA,1,RFGAFTVKSATHNVVGQQRHLIRKGTCCEWARWT_FYCKI
GGGGCGCGGTGGACTTGATTTTACCGTAATCAA,1,GARWT_FYRNQ
GGTGGACTTNATTTTACCGTAAAATCAA,1,N/A
GCGTTACCGCGACCTCTACGCCCAGGACAGCATCGCCAAGCAGACCCTCGACACAGCCGAAGCGCTGGTCCTGCAATACCAGGGCACGGTCAAGACCAATAAAATCAA,1,ALPRPLRPGQHRQADPRHSRSAGPAIPGHGQDQ_NQ
AAGTGTTGGATTCAAAGCTGGTGTTAAAGATTATAAATTGACTTATTATACTCCTGAATATCAAACCAAAGATACTGATATCTTGGCAGCGTTCCGAGTA,1,KCWIQSWC_RL_IDLLYS_ISNQRY_YLGSVPS
TGCGCGGTGGACTTGATTTTACCGTAAAATCAA,1,CAVDLILP_NQ
AAGTGTTGGATTCAAAGCTGGTGTTAAAGATTATAAATTGACTTATTACACTCCTGAATATGAAGTCAAAGATACTGATATCTTGGCAGCATTTCGAGTAACTCCTCAACCTGGAGTTCCCCCTGAAGAAGCAGGGGCTGCGGTAGCTGCTGAATCTTCTCCTGGTACATGGACAACTGTATGGACTGACGGGCTTACCAGTCTTGATCGCTACAAAGGTCGATGCTACAACATCGAGCCCGTTGCTGGAGAAGAAAGTCAATTTATTGCTTATGTAGCTTACCCTTTAGACCTTTTTGAAGAAGGTTCTGTTACTAACATGTTTACTTCCATTGTGGGTAATGTATTTGGGTTCAA,1,KCWIQSWC_RL_IDLLHS_I_SQRY_YLGSISSNSSTWSSP_RSRGCGSC_IFSWYMDNCMD_RAYQS_SLQRSMLQHRARCWRRKSIYCLCSLPFRPF_RRFCY_HVYFHCG_CIWVQ
TGCGCGGTGGACTTGATAGTAAAATCAA,1,CAVDLIVKS
CGCGGTGGACTTTATTTTACTTTAAAATCAA,1,RGGLYFTLKS
ACGGATAGAATATCGCGGTGGACTTGATTTTACGAATCAA,1,TDRISRWT_FYES
CCGTGGTGGACTTGATTTTACCGTAAAATCAA,1,PWWT_FYRKI
TACGCGGTGGACTTGATTTTACGGTAAAATCAA,2,YAVDLILR_NQ
CATTGCTCATGAACCGCTGGAGTC,1,HCS_TAGV
AAGTGTTGGATTCAAAGCTGGTGTTAAAGATTATAAATTGACTTATTATACTCCTGAATATCAAACCAAAGATACTGATATCTTGGCAGCGTTCCGAGTAAGCCCTCAACCTGGAGTTCCGCCTGAGGAAGCAGGGGCAGCAGTAGCTGCTGAATCTTCTACTGGTACATGGACAACTGTGTGGACCGATGGGCTTACTAGTCTTGATCGTTACAAAGGACGATGCTACCACATCGAGCCAGTTGCTGGAGAAGAAAATCA,1,KCWIQSWC_RL_IDLLYS_ISNQRY_YLGSVPSKPSTWSSA_GSRGSSSC_IFYWYMDNCVDRWAY_S_SLQRTMLPHRASCWRRKS
ACCGTGGTGGACTTGATTTTACAGTAAAATCAA,1,TVVDLILQ_NQ
TGTCGTGGCGTAAAATCAA,1,CRGVKS
TGAAGAATATCGACGTTTGGAGGCGTCCCATTTCTAGCCC,1,_RISTFGGVPFLA
AAGTGTTGGATTTCAAGCTGGTGTTAAGGTAAAATCAA,2,KCWISSWC_GKI
CATTGCTCATGAACCGCTGGAGTCCGCGATCATTCACAGCGTGCAAGTGGTGGGCTGGAGCGCGCTGTGGATGGCCGCAGGGTTGATCCTGATCGTGTAAAATCAA,1,HCS_TAGVRDHSQRASGGLERAVDGRRVDPDRVKS
